{
 "cputuner": {
  "configurationAutoload": [],
  "virtualGovernor": [
   {
    "governor": "{
    	\"0\": \"ondemand|conservative|interactive|smartass|performance\",
    	\"16\": \"interactive|ondemand|conservative|smartass|performance\"
    	}",
    "virtualGovernor": "Full speed",
    "resId": "gov_name_fullspeed",
    "_id": "1",
    "powersaveBias": "0",
    "governorThresholdUp": "50",
    "governorThresholdDown": "30"
   },
   {
    "governor": "{
    	\"0\": \"ondemand|conservative|interactive|smartass|performance\",
    	\"16\": \"interactive|ondemand|conservative|smartass|performance\"
    	}",
    "virtualGovernor": "Normal",
    "resId": "gov_name_normal",
    "_id": "2",
    "powersaveBias": "0",
    "governorThresholdUp": "60",
    "governorThresholdDown": "40"
   },
   {
    "governor": "conservative|interactive|smartass|ondemand|powersave",
    "virtualGovernor": "Extreme Save Battery",
    "resId": "gov_name_extremeSaveBattery",
    "_id": "3",
    "powersaveBias": "500",
    "useNumberOfCpus": "0",
    "governorThresholdUp": "95",
    "governorThresholdDown": "65"
   },
   {
    "governor": "conservative|interactive|smartass|ondemand|powersave",
    "virtualGovernor": "Save Battery",
    "resId": "gov_name_saveBattery",
    "_id": "4",
    "powersaveBias": "300",
    "useNumberOfCpus": "0",
    "governorThresholdUp": "90",
    "governorThresholdDown": "50"
   }
  ],
  "cpuProfiles": [
   {
    "useNumberOfCpus": "0",
    "frequencyMax": "998400",
    "AIRPLANEMODE": "0",
    "powersaveBias": "0",
    "governor": "ondemand",
    "frequencyMin": "245000",
    "backgroundSyncState": "0",
    "governorThresholdUp": "85",
    "mobiledataState": "0",
    "governorThresholdDown": "-1",
    "wifiState": "0",
    "mobiledataConnectionState": "0",
    "gpsState": "0",
    "virtualGovernor": "1",
    "_id": "1",
    "bluetoothState": "0",
    "resId": "profile_name_performance",
    "profileName": "Performance"
   },
   {
    "useNumberOfCpus": "0",
    "frequencyMax": "998400",
    "AIRPLANEMODE": "0",
    "powersaveBias": "0",
    "governor": "ondemand",
    "frequencyMin": "245000",
    "backgroundSyncState": "0",
    "governorThresholdUp": "90",
    "mobiledataState": "0",
    "governorThresholdDown": "-1",
    "wifiState": "0",
    "mobiledataConnectionState": "0",
    "gpsState": "0",
    "virtualGovernor": "2",
    "_id": "2",
    "bluetoothState": "0",
    "resId": "profile_name_good",
    "profileName": "Good"
   },
   {
    "gpsState": "0",
    "frequencyMax": "998400",
    "virtualGovernor": "2",
    "_id": "3",
    "bluetoothState": "0",
    "governor": "ondemand",
    "frequencyMin": "245000",
    "backgroundSyncState": "0",
    "governorThresholdUp": "90",
    "mobiledataState": "0",
    "resId": "profile_name_normal",
    "profileName": "Normal",
    "governorThresholdDown": "0",
    "wifiState": "0"
   },
   {
    "gpsState": "0",
    "frequencyMax": "998400",
    "virtualGovernor": "4",
    "_id": "4",
    "bluetoothState": "0",
    "governor": "conservative",
    "frequencyMin": "245000",
    "backgroundSyncState": "0",
    "governorThresholdUp": "98",
    "mobiledataState": "0",
    "resId": "profile_name_screenoff",
    "profileName": "Screen off",
    "governorThresholdDown": "95",
    "wifiState": "0"
   },
   {
    "useNumberOfCpus": "0",
    "frequencyMax": "998400",
    "AIRPLANEMODE": "0",
    "powersaveBias": "0",
    "governor": "conservative",
    "frequencyMin": "245000",
    "backgroundSyncState": "0",
    "governorThresholdUp": "95",
    "mobiledataState": "0",
    "governorThresholdDown": "80",
    "wifiState": "0",
    "mobiledataConnectionState": "0",
    "gpsState": "0",
    "virtualGovernor": "4",
    "_id": "5",
    "bluetoothState": "0",
    "resId": "profile_name_powersave",
    "profileName": "Powersave"
   },
   {
    "useNumberOfCpus": "0",
    "frequencyMax": "998400",
    "AIRPLANEMODE": "0",
    "powersaveBias": "0",
    "governor": "conservative",
    "frequencyMin": "245000",
    "backgroundSyncState": "0",
    "governorThresholdUp": "98",
    "mobiledataState": "0",
    "governorThresholdDown": "95",
    "wifiState": "0",
    "mobiledataConnectionState": "0",
    "gpsState": "2",
    "virtualGovernor": "3",
    "_id": "6",
    "bluetoothState": "0",
    "resId": "profile_name_extremepowersave",
    "profileName": "Extreme powersave"
   }
  ],
  "triggers": [
   {
    "hotProfileId": "-1",
    "_id": "1",
    "batteryProfileId": "2",
    "batteryLevel": "100",
    "callInProgressProfileId": "1",
    "screenOffProfileId": "4",
    "powerProfileId": "1",
    "resId": "tigger_name_batteryfull",
    "triggerName": "Battery full"
   },
   {
    "hotProfileId": "-1",
    "_id": "2",
    "batteryProfileId": "3",
    "batteryLevel": "75",
    "callInProgressProfileId": "1",
    "screenOffProfileId": "4",
    "powerProfileId": "2",
    "resId": "tigger_name_batteryused",
    "triggerName": "Battery used"
   },
   {
    "hotProfileId": "-1",
    "callInProgressProfileId": "2",
    "screenOffProfileId": "4",
    "resId": "tigger_name_batterylow",
    "triggerName": "Battery low",
    "_id": "3",
    "batteryProfileId": "5",
    "batteryLevel": "50",
    "powerProfileId": "3"
   },
   {
    "hotProfileId": "-1",
    "_id": "4",
    "batteryProfileId": "5",
    "batteryLevel": "35",
    "callInProgressProfileId": "2",
    "screenOffProfileId": "6",
    "powerProfileId": "5",
    "resId": "tigger_name_batteryempty",
    "triggerName": "Battery empty"
   },
   {
    "hotProfileId": "-1",
    "_id": "5",
    "batteryProfileId": "6",
    "batteryLevel": "25",
    "callInProgressProfileId": "3",
    "screenOffProfileId": "6",
    "powerProfileId": "5",
    "resId": "tigger_name_batterycritical",
    "triggerName": "Battery critical"
   }
  ]
 }
}