{
 "cputuner": {
  "configurationAutoload": [],
  "virtualGovernor": [
   {
    "governor": "{
    	\"0\": \"ondemand|conservative|interactive|smartass|performance\",
    	\"16\": \"interactive|ondemand|conservative|smartass|performance\"
    	}",
    "virtualGovernor": "Full speed",
    "resId": "gov_name_fullspeed",
    "_id": "1",
    "powersaveBias": "0",
    "governorThresholdUp": "50",
    "governorThresholdDown": "30"
   },
   {
    "governor": "{
    	\"0\": \"ondemand|conservative|interactive|smartass|performance\",
    	\"16\": \"interactive|ondemand|conservative|smartass|performance\"
    	}",
    "virtualGovernor": "Normal",
    "resId": "gov_name_normal",
    "_id": "2",
    "powersaveBias": "0",
    "governorThresholdUp": "60",
    "governorThresholdDown": "40"
   },
   {
    "governor": "conservative|interactive|smartass|ondemand|powersave",
    "virtualGovernor": "Extreme Save Battery",
    "resId": "gov_name_extremeSaveBattery",
    "_id": "3",
    "powersaveBias": "500",
    "useNumberOfCpus": "0",
    "governorThresholdUp": "95",
    "governorThresholdDown": "65"
   },
   {
    "governor": "conservative|interactive|smartass|ondemand|powersave",
    "virtualGovernor": "Save Battery",
    "resId": "gov_name_saveBattery",
    "_id": "4",
    "powersaveBias": "300",
    "useNumberOfCpus": "0",
    "governorThresholdUp": "90",
    "governorThresholdDown": "50"
   }
  ],
  "cpuProfiles": [
   {
    "useNumberOfCpus": "0",
    "frequencyMax": "1113600",
    "AIRPLANEMODE": "0",
    "powersaveBias": "0",
    "governor": "ondemand",
    "frequencyMin": "245000",
    "backgroundSyncState": "0",
    "governorThresholdUp": "85",
    "mobiledataState": "0",
    "governorThresholdDown": "-1",
    "wifiState": "0",
    "mobiledataConnectionState": "0",
    "gpsState": "0",
    "virtualGovernor": "1",
    "_id": "1",
    "bluetoothState": "0",
    "resId": "profile_name_performance",
    "profileName": "Performance"
   },
   {
    "useNumberOfCpus": "0",
    "frequencyMax": "1113600",
    "AIRPLANEMODE": "0",
    "powersaveBias": "0",
    "governor": "ondemand",
    "script": "",
    "frequencyMin": "245000",
    "backgroundSyncState": "0",
    "governorThresholdUp": "90",
    "mobiledataState": "0",
    "governorThresholdDown": "0",
    "wifiState": "0",
    "mobiledataConnectionState": "0",
    "gpsState": "0",
    "virtualGovernor": "2",
    "_id": "3",
    "bluetoothState": "0",
    "resId": "profile_name_normal",
    "profileName": "Normal"
   },
   {
    "useNumberOfCpus": "0",
    "frequencyMax": "1113600",
    "AIRPLANEMODE": "0",
    "powersaveBias": "300",
    "governor": "conservative",
    "script": "",
    "frequencyMin": "245000",
    "backgroundSyncState": "0",
    "governorThresholdUp": "90",
    "mobiledataState": "0",
    "governorThresholdDown": "80",
    "wifiState": "0",
    "mobiledataConnectionState": "0",
    "gpsState": "0",
    "virtualGovernor": "4",
    "_id": "4",
    "bluetoothState": "0",
    "resId": "profile_name_screenoff",
    "profileName": "Screen off"
   },
   {
    "useNumberOfCpus": "0",
    "frequencyMax": "1113600",
    "AIRPLANEMODE": "0",
    "powersaveBias": "300",
    "governor": "conservative",
    "script": "",
    "frequencyMin": "245000",
    "backgroundSyncState": "0",
    "governorThresholdUp": "90",
    "mobiledataState": "0",
    "governorThresholdDown": "80",
    "wifiState": "0",
    "mobiledataConnectionState": "0",
    "gpsState": "0",
    "virtualGovernor": "4",
    "_id": "5",
    "bluetoothState": "0",
    "resId": "profile_name_powersave",
    "profileName": "Powersave"
   }
  ],
  "triggers": [
   {
    "hotProfileId": "-1",
    "callInProgressProfileId": "1",
    "screenOffProfileId": "4",
    "triggerName": "All",
    "resId": "tigger_name_all",
    "_id": "1",
    "batteryProfileId": "3",
    "batteryLevel": "100",
    "powerProfileId": "1"
   }
  ]
 }
}